{
    "epoch": 5.0,
    "eval_loss": 0.1443004310131073,
    "eval_runtime": 37.2283,
    "eval_samples_per_second": 13.431,
    "eval_steps_per_second": 1.128,
    "train_loss": 0.11946478010428072,
    "train_runtime": 7627.5786,
    "train_samples_per_second": 6.226,
    "train_steps_per_second": 0.519
}